Id,StateAbbr,CategoryUno,Category
1,AK,4CB7A73E-AAB0-4E8F-94D1-8AC8610AAC64,"Consumer Financial Questions"
2,AL,08C7C59B-6AAE-4BC1-83FE-BC85F1544260,"Consumer Financial Questions"
3,AR,FD5059F7-DE7A-4929-8D67-E72C80773BAD,"Consumer Financial Questions"
4,AZ,D90F1BC7-CD04-409A-9AF7-D4DAB649425A,"Consumer Financial Questions"
5,CA,FD678F86-62B1-4EC4-A628-98AEE7BC74D5,"Consumer Financial Questions"
6,CT,349290B1-68DD-427C-8E62-4AB43ABDF88B,"Consumer Financial Questions"
7,FL,27D44F0E-4D4C-41F2-81BE-4C19AE711CC1,"Consumer Financial Questions"
8,GA,04815A46-12EC-4C42-B9FB-56BF584F1489,"Consumer Financial Questions"
9,HI,5D634295-7FFF-4BE8-9FD1-40462AE51BF6,"Consumer Financial Questions"
10,IA,B47F2A9F-6D94-455A-BB17-D92224A2C0A1,"Consumer Financial Questions"
11,ID,683A246C-F4FD-438F-9866-ED04F50C2B4D,"Consumer Financial Questions"
12,IL,3B625200-038E-49FE-B321-35D67A897CB3,"Consumer Financial Questions"
13,IN,09E768DD-114F-47B4-B038-1FE0937EF839,"Consumer Financial Questions"
14,KS,5090512A-624B-47D3-9646-EAB0184460FD,"Consumer Financial Questions"
15,LA,E09F6DF7-C4C4-4DB3-AB80-39131EB6B652,"Consumer Financial Questions"
16,MA,311F2A58-C0B1-4A8B-881F-7715FA35B9C3,"Consumer Financial Questions"
17,MD,8DA03571-15E1-4721-B392-530D40E1D84F,"Consumer Financial Questions"
18,ME,4D0DFB5D-7F05-4737-849F-FB2E729B5AB0,"Consumer Financial Questions"
19,MI,29E0B1D9-D351-46AB-802A-B7D0E78632E1,"Consumer Financial Questions"
20,MO,1EBBF19C-9E26-408A-805A-BC5362E36F28,"Consumer Financial Questions"
21,MS,99C7599E-6FFC-42F4-892F-3D1AADE4E762,"Consumer Financial Questions"
22,NC,F6016FBD-9501-4448-BCD3-BBB0E834E33B,"Consumer Financial Questions"
23,ND,968A703D-6746-44CB-9536-9901229CDA73,"Consumer Financial Questions"
24,NE,ED255DA5-1764-47B9-BF74-9F30280153AB,"Consumer Financial Questions"
25,NH,C7580219-30C5-43D1-A2E5-62915E7E2560,"Consumer Financial Questions"
26,NJ,13334025-BF4E-40EB-B71C-611CB4AB9D2E,"Consumer Financial Questions"
27,NM,B44E12C9-499B-4B84-AEC6-BAF5CD9EAEDF,"Consumer Financial Questions"
28,NY,0400294A-D08E-437F-8577-A7A0B9D254A0,"Consumer Financial Questions"
29,OK,715013E5-7277-4121-A46B-05A61FD3689E,"Consumer Financial Questions"
30,PA,1AC25273-8861-49E7-BC93-26AFE506F9DC,"Consumer Financial Questions"
31,SC,2E7A0B86-A447-4177-BAE9-C61EBB47CA3D,"Consumer Financial Questions"
32,SD,DEDA77CF-C418-4BCB-A73D-F57240C23B09,"Consumer Financial Questions"
33,TN,1AD00E83-66A8-476A-AFD2-540BB0912BAE,"Consumer Financial Questions"
34,TX,FA45ADC5-94B4-4597-B167-E715EC0E47E2,"Consumer Financial Questions"
35,US,A7E59485-EEB0-4364-96C0-C0248228137C,"Consumer Financial Questions"
36,UT,C955358F-23B0-4BCF-948D-C7AE744536DE,"Consumer Financial Questions"
37,VA,40810362-040E-4B51-B77A-D5967FA1729B,"Consumer Financial Questions"
38,VI,8E694153-1473-4486-97BD-F48F8703F269,"Consumer Financial Questions"
39,VT,3E763AAC-D1F8-4072-A2E5-DB4DDED74C47,"Consumer Financial Questions"
40,WA,3896A543-0607-4A6B-8A2A-4E0B80C753B5,"Consumer Financial Questions"
41,WI,E6BC7010-34E5-46D1-9A26-CBFCAFC10693,"Consumer Financial Questions"
42,WV,9BA53A32-02F7-4068-B5AB-457CFE3281EC,"Consumer Financial Questions"
43,WY,5908F1CF-E396-4A36-B187-1353E2183017,"Consumer Financial Questions"
44,AK,0CA473F9-C2C2-43F6-BB7A-B5BEADBFC7C8,Education
45,AL,F9C50741-51B7-481F-8DF1-484B684370E1,Education
46,AR,5519EC30-80C7-4ABB-A83A-9E8660226F3E,Education
47,AZ,50458A5B-9ACA-4532-A36F-64B73B659214,Education
48,CA,68D3AF1C-15F5-4B9E-ABB8-8417E8556A33,Education
49,CT,1EDEFB01-490F-4392-B790-E9C2C9242B1C,Education
50,FL,247B93B7-9B87-47CF-8B28-D39A2B9C8617,Education
51,GA,07E017AC-762B-43E9-9B8F-3D308CBC6352,Education
52,HI,DB781EEB-C93E-409A-9960-DB3C4391EF05,Education
53,IA,C11C033E-212B-43BF-B548-3C09109E3B69,Education
54,ID,7A51BC19-7F4C-4277-B2BB-250F3E8897A9,Education
55,IL,6A8CB649-C081-437C-8E4D-360AF413F5C5,Education
56,IN,28D510F6-757F-477C-8819-5F22DF6653EC,Education
57,KS,B197CD6E-4E5B-4DEE-90BA-F58D940CC8F4,Education
58,LA,4F89C1C3-424D-495F-9DAA-2AE2E7462EC2,Education
59,MA,E30D6A83-DB66-4E4E-B9E5-02F25506CF5C,Education
60,MD,CA622189-231D-4E46-AFC8-6C0494738D2D,Education
61,ME,05FB62D7-77A9-40E8-8EA3-3FF2A681C660,Education
62,MI,2C74CBFB-EF78-433F-8594-CA8249EB6160,Education
63,MO,2F4A1A55-26B1-40FF-A357-33DD3F1E8ECD,Education
64,MS,AA23BBE5-7950-43DD-87CB-1710883DFCE0,Education
65,NC,47A59676-DFEE-4C51-AB89-60F2B4D73B53,Education
66,ND,FE65BF3F-AA2A-4875-A949-82668E224095,Education
67,NE,BF9E5FED-B184-4727-8EBA-08F3FCCF8E7E,Education
68,NH,74CFE4DA-A64A-4E12-8256-929367EE133F,Education
69,NJ,B705448D-983B-4CE2-AF62-ACD6B4109DC2,Education
70,NM,E7FE0224-16F4-40D2-8913-3038817130DB,Education
71,NY,B241FE83-A045-47AA-AEE9-6C9325755BA4,Education
72,OK,37D13A25-F889-491F-85F6-394199934C6F,Education
73,PA,383038A2-08EA-4602-96C5-C3E20408E54E,Education
74,SC,217676B9-A87C-457E-913C-11ED559BF057,Education
75,SD,468DB47C-3984-4C10-B1E6-E87C3D7DEAB9,Education
76,TN,86EBA4F2-E73D-4118-89A4-2EA4672319F4,Education
77,TX,00951395-3B9F-4042-9D2C-47919CC31D60,Education
78,US,4979BB27-CB10-4F2E-8F9A-92D785189732,Education
79,UT,F505C96F-B0C6-43F8-A8F7-58CE0E116B6E,Education
80,VA,E30E5AEE-41DB-440F-9F96-DFE3BAEB5267,Education
81,VI,2B053093-EA9A-450D-86F8-183AC2BFF879,Education
82,VT,2C483B4C-2552-4FC3-8037-E5E6A26D3AC6,Education
83,WA,8F79CD8D-D5A2-45B1-91B2-B2AE6FF35AD0,Education
84,WI,39D2AE29-B0F0-472C-BF63-8F0D10EAF144,Education
85,WV,253CB799-645C-4D3B-9672-8E00AB98E7EE,Education
86,WY,74C4356D-EFA5-4463-8950-8E1928329093,Education
87,AK,C2D41B1D-E4E7-44D1-B415-731C5FFA4E5D,"Work, Employment and Unemployment"
88,AL,5AC22677-D3FD-4CD9-87C9-1B3647726668,"Work, Employment and Unemployment"
89,AR,CE547DEC-8447-48C5-8D0E-7965E3AC9C04,"Work, Employment and Unemployment"
90,AZ,7EED6701-A73D-4144-8B72-FE4204A1A9B4,"Work, Employment and Unemployment"
91,CA,A088239E-FC9C-48BA-92E7-3FABADC5668F,"Work, Employment and Unemployment"
92,CT,EF1DADC5-831E-4DC1-BD7C-0F652EBF90DB,"Work, Employment and Unemployment"
93,FL,34C461E8-2E6C-4FAC-AFA6-75FC1BEC83C9,"Work, Employment and Unemployment"
94,GA,F478E588-A968-412F-9654-98A680154389,"Work, Employment and Unemployment"
95,HI,D4EFB0E8-6265-4848-AED0-6E6C7EB35B0F,"Work, Employment and Unemployment"
96,IA,F51A7BB4-6E6B-450B-AC12-A8158A96D126,"Work, Employment and Unemployment"
97,ID,39560532-CCE4-4D7A-8F04-521116B99F04,"Work, Employment and Unemployment"
98,IL,E6DDC85E-2085-4CD2-A147-C78C7FC4BABF,"Work, Employment and Unemployment"
99,IN,3B45A1AC-605E-4A45-82DE-87B54D7DA98C,"Work, Employment and Unemployment"
100,KS,D8CA47EC-8D6A-4327-9EFA-82141F88E255,"Work, Employment and Unemployment"
101,LA,6AD6B76D-5089-4B9C-943E-86E45FE42A51,"Work, Employment and Unemployment"
102,MA,87D9B01B-BD0E-4770-8958-F3B7E2A5D5D1,"Work, Employment and Unemployment"
103,MD,4494CB74-8B77-4199-8C2E-5D75477981B9,"Work, Employment and Unemployment"
104,ME,CA4CA595-D239-41D3-9EEA-33C53E2D2D59,"Work, Employment and Unemployment"
105,MI,5331AE18-548B-422B-B57B-BF7726FA0C31,"Work, Employment and Unemployment"
106,MO,483D286A-9886-4489-8A70-0B90FC6F687E,"Work, Employment and Unemployment"
107,MS,DEB587B0-8892-461B-9FEE-C2B65331A4C1,"Work, Employment and Unemployment"
108,NC,FEE8E86C-A04F-4F6D-97D0-2D8C96ECCD90,"Work, Employment and Unemployment"
109,ND,086E1309-2ABB-4A5F-B9DE-2D7A252408E4,"Work, Employment and Unemployment"
110,NE,44E66E58-6C15-4EB4-A3FC-50C10D62C95A,"Work, Employment and Unemployment"
111,NH,2A690058-090B-493E-A937-9BB8A45E1210,"Work, Employment and Unemployment"
112,NJ,47D05EE7-E9DE-4030-BBCA-6363C3CD8A8D,"Work, Employment and Unemployment"
113,NM,400F29BE-7D7D-456C-8EE8-C693E8AA433F,"Work, Employment and Unemployment"
114,NY,62F0649B-48FC-4C1D-A5CD-D27FCE24E0B7,"Work, Employment and Unemployment"
115,OK,5D7C6BDF-C628-45E4-BBC7-775FBC371823,"Work, Employment and Unemployment"
116,PA,7A21500A-0272-4FBB-82E0-6C51BD29A75A,"Work, Employment and Unemployment"
117,SC,B438E334-95C3-4161-ABAF-C61670E7EAF2,"Work, Employment and Unemployment"
118,SD,540FC2FD-DF10-42B9-B292-8C6B8B19F280,"Work, Employment and Unemployment"
119,TN,92774930-FAB4-44AA-BD5B-464E1CF79BB1,"Work, Employment and Unemployment"
120,TX,88B66156-AC06-4877-B2BD-D5909C21483D,"Work, Employment and Unemployment"
121,US,EF1D1852-18A6-42D7-A711-2E405621D104,"Work, Employment and Unemployment"
122,UT,EA0B2CBA-60C0-40E3-B612-7C697D9B79C9,"Work, Employment and Unemployment"
123,VA,E6BE3E50-12F4-4F70-B297-0CB6BE93A928,"Work, Employment and Unemployment"
124,VI,D9E470FF-2969-4B29-BB8B-D6DC9449B134,"Work, Employment and Unemployment"
125,VT,AC078ADF-6EDD-4115-8BA8-F700CCE6B86C,"Work, Employment and Unemployment"
126,WA,F1418D73-0986-447D-A008-73189339811A,"Work, Employment and Unemployment"
127,WI,3CEFCF79-EDA1-4EA6-81B6-5C53E8902126,"Work, Employment and Unemployment"
128,WV,B4B89D02-EC34-4CDA-A0C2-5C886F71A844,"Work, Employment and Unemployment"
129,WY,69C51F56-C15B-4EE1-A497-43E9A7E483DF,"Work, Employment and Unemployment"
130,AK,A96DEADE-C287-4B31-BFF5-6C02E0640001,"Family and Children"
131,AL,02A23E8B-8D73-46D7-A1F8-B0D3A92ABD68,"Family and Children"
132,AR,4955AE98-C3CD-41B0-8575-02E9C3044DE1,"Family and Children"
133,AZ,23F7D13F-7318-4331-9868-DC0B5ED176A4,"Family and Children"
134,CA,2A36D371-ADBB-494A-B3DE-9A544DDACCE7,"Family and Children"
135,CT,1A811DAD-13DD-4E6E-936F-379B075BDBA6,"Family and Children"
136,FL,04F9F18F-45B6-40A9-A092-DF25C636F472,"Family and Children"
137,GA,241FBFF7-59C9-480E-94E4-8404FE1F810A,"Family and Children"
138,HI,7BD2CED8-C0E3-4C61-A75D-7A2EF0C3E21F,"Family and Children"
139,IA,166F3CD8-C17B-4F1D-AF41-8B9907C4376F,"Family and Children"
140,ID,0F614A41-CB06-4406-BE40-C5C507A7CD2B,"Family and Children"
141,IL,35F8A400-7E66-4F6E-A692-99DF0502067A,"Family and Children"
142,IN,4A17A421-3E82-4896-9EDC-133B4AE006F0,"Family and Children"
143,KS,4995FE59-6A0E-407E-A6C2-8D1BE52ED094,"Family and Children"
144,LA,82640F87-AA70-426F-A28D-56E2FB360FDB,"Family and Children"
145,MA,0476AE82-2789-4565-B1E8-1D94E336537A,"Family and Children"
146,MD,64F5428A-09DC-4CB1-A9C9-1557D4DC07E1,"Family and Children"
147,ME,81FA781E-43F9-498C-958C-A2AA5412A916,"Family and Children"
148,MI,B6F6EBDF-CE9F-4FF5-930E-44B241E3B240,"Family and Children"
149,MO,408D559B-E9D3-4C6F-8312-782BF4E57028,"Family and Children"
150,MS,772EC297-5D6F-469A-9F0E-4850311E14DA,"Family and Children"
151,NC,C932D197-7F43-4BCF-BE0B-FE5F5DBCB9EF,"Family and Children"
152,ND,13B18882-9008-4C1E-AD66-B33FCC316D84,"Family and Children"
153,NE,134F6576-F186-4F91-A199-34A12963E699,"Family and Children"
154,NH,0D9FA3B3-A413-417D-AF2A-E9FC2E3DCE0A,"Family and Children"
155,NJ,0D14D37C-A5F5-4B55-965C-A442E8C1EFC2,"Family and Children"
156,NM,183D95E5-BA1A-4ED5-9440-130178119218,"Family and Children"
157,NY,79CADED6-A32E-468A-9359-93611E0F6BE4,"Family and Children"
158,OK,9C228814-8543-48A7-A9AB-296526095D88,"Family and Children"
159,PA,52421FA5-16CC-4EAE-87CD-631D3239F4BB,"Family and Children"
160,SC,CE419457-844B-4BAE-BC4E-0F26635A08F9,"Family and Children"
161,SD,0326D0A1-1EA2-47C7-8A29-F4ED057C70CE,"Family and Children"
162,TN,82237E76-8369-40D9-B649-C7B506FED1C5,"Family and Children"
163,TX,CD9242A3-3478-4311-A951-F42ECB1D978D,"Family and Children"
164,US,B9688F2B-9980-4778-89CE-57534BBF3091,"Family and Children"
165,UT,39A338D3-FE08-4A0B-90FA-CEC4DBB2C64F,"Family and Children"
166,VA,BC63AC2A-29F7-44E1-AFEB-D2C225386DBB,"Family and Children"
167,VI,622AF6EF-7C78-477E-8BEB-D8FCE13F9008,"Family and Children"
168,VT,E8792BE7-5EB3-4540-AA27-CD6EF652200D,"Family and Children"
169,WA,8B4D3558-0DA8-438B-A16D-31BC4855D3EC,"Family and Children"
170,WI,6AC0932F-4F5D-4427-BE90-544E30371692,"Family and Children"
171,WV,E8B2EE29-E71B-4E25-8239-F0458D3EF02E,"Family and Children"
172,WY,B493CC26-B797-4A33-BEED-7C7146A3300A,"Family and Children"
173,AK,F9E50F9D-8146-4D70-B415-A8807AB31245,"Health and Disability"
174,AL,1AF11435-A668-4365-B20C-C474D0813C16,"Health and Disability"
175,AR,28122664-3179-4FAE-A90F-CB2946942A27,"Health and Disability"
176,AZ,3E2033B8-9364-4251-8D16-8D8F5CCD5F6C,"Health and Disability"
177,CA,6A7B0DC0-4FC8-4090-B382-2747E6EF995B,"Health and Disability"
178,CT,6C706470-C30F-42CF-904D-E0ECEE7696BD,"Health and Disability"
179,FL,26FCB459-FFE6-4EA6-83C0-1BA95B2817F7,"Health and Disability"
180,GA,F3964DD2-ECC2-440D-9800-2A294C5B6216,"Health and Disability"
181,HI,4CE8B433-28B2-4A0A-A038-3ED9C6D6F68F,"Health and Disability"
182,IA,C6966DDD-BE03-4DAB-9FFD-1B4E619C025A,"Health and Disability"
183,ID,94A33EB1-6D59-4CCB-A1FC-C2817E251E40,"Health and Disability"
184,IL,807C0F6B-B8AC-4825-9016-304433EEE779,"Health and Disability"
185,IN,117676E2-E643-4B0F-9DAF-717F29F9F170,"Health and Disability"
186,KS,9CFF5272-5BEE-4063-9814-BB21EFE0CCAB,"Health and Disability"
187,LA,2C253E49-B2B8-4358-ABBE-8910E7D16056,"Health and Disability"
188,MA,FE3C7CE6-5920-4796-8665-258A6549281D,"Health and Disability"
189,MD,79197209-A9AA-4CBD-AE53-86AA3B97DDC1,"Health and Disability"
190,ME,4B74FB24-CDE9-4EE4-BE2C-17E20F8F9DD8,"Health and Disability"
191,MI,AC036EC9-0E98-44A5-9D39-BF2793B3BB3D,"Health and Disability"
192,MO,E2A46434-6B4A-4DA2-9EF8-4138F680AE4F,"Health and Disability"
193,MS,4AAD601E-C6FC-41C6-8A53-B6F16BA7E644,"Health and Disability"
194,NC,27F28633-478A-414D-81B2-70B4AD0EB3A3,"Health and Disability"
195,ND,D1C185CB-9BB5-4D1C-8A8E-3360E94966C9,"Health and Disability"
196,NE,35BAA442-B50F-4119-9683-CA71083D5DE9,"Health and Disability"
197,NH,7666E8BA-E909-4899-81D5-48C79ABC3900,"Health and Disability"
198,NJ,19E72C8A-561F-4CEF-AB31-F179AE447285,"Health and Disability"
199,NM,5970632D-C1AE-478B-A621-A6155360EA5C,"Health and Disability"
200,NY,F5E9190D-85B6-4E19-9B1A-D0496B78CF5B,"Health and Disability"
201,OK,F8EBFBFF-1128-482F-AF89-B5BA339027B8,"Health and Disability"
202,PA,DCCFEEE0-CFD8-4FF5-BDB1-CA86C557D465,"Health and Disability"
203,SC,33BB083D-2DD1-48E9-8CD1-69FB0523C24B,"Health and Disability"
204,SD,FAB39449-CECA-49F1-B27B-65B56B5D7109,"Health and Disability"
205,TN,F641DC24-FCC5-4449-936A-0B1FDA0064CC,"Health and Disability"
206,TX,FC77AE6C-2DEC-40FE-AF42-2EB7880F980D,"Health and Disability"
207,US,AB972087-5E84-4836-98FF-5810E288E3E6,"Health and Disability"
208,UT,CFFF9E05-FE65-4157-B225-C6A32A379257,"Health and Disability"
209,VA,BB6A1FA8-3665-4CB5-B944-454BE25EA7D9,"Health and Disability"
210,VI,5786C6C1-9772-4045-B947-14DDC9565850,"Health and Disability"
211,VT,EE6C6848-35C1-4FD2-B05D-A86C640198D1,"Health and Disability"
212,WA,DCB1C29A-03C3-40C7-80CC-0A2C134D67BC,"Health and Disability"
213,WI,BEFD07AE-307A-462D-A382-3D9537FD5848,"Health and Disability"
214,WV,C4A6C725-9B84-46C6-B0A4-1DF6ADBBE2F2,"Health and Disability"
215,WY,E0C8CF8A-66A6-4350-AE8F-F1AD14EC593F,"Health and Disability"
216,AK,D3504F18-AC99-408B-B1D2-230DC130F9EC,Juvenile
217,AL,FB2451D8-C163-4DBD-A4A7-F6402ADECE11,Juvenile
218,AR,ABA0F6E8-032B-4C9F-9939-CE3BEE864D1F,Juvenile
219,AZ,AFEE6480-4111-49B7-86A0-8575D3AC07F5,Juvenile
220,CA,E2A862D7-951B-4884-86C9-4142B74FB990,Juvenile
221,CT,ABF085FF-1BDE-4111-8D3D-E82274AF374A,Juvenile
222,FL,7E666057-358C-4176-AC35-F4D40F9FB075,Juvenile
223,GA,E11DD88F-566A-46E5-8A48-B845FF7C27BD,Juvenile
224,HI,A526B8FB-3831-40DB-A0AD-6A9F4F6E0921,Juvenile
225,IA,5A111EE2-81F3-4C5A-815F-309D094BD515,Juvenile
226,ID,660C05DC-A74E-453C-A061-645E19FDDBAB,Juvenile
227,IL,67ADFB90-81AB-482A-AF98-5383D1371778,Juvenile
228,IN,AECD830D-DBD3-4082-B457-5BAE77155658,Juvenile
229,KS,2E46590F-D096-4825-A6BD-44A58A8A81E0,Juvenile
230,LA,C275F992-43F3-4DEE-9CF8-6580F8BD5535,Juvenile
231,MA,8218B012-2139-4E78-9A19-6CC249252394,Juvenile
232,MD,6A40AC44-9625-48D7-91AA-BBAB984BDF1A,Juvenile
233,ME,A1024819-F897-40F9-948D-5DA7D86EA3FF,Juvenile
234,MI,20510401-6D3A-486B-B1EE-091EE6F20994,Juvenile
235,MO,C0870397-56E5-473A-B4E5-225C4A10ABB1,Juvenile
236,MS,CA53BF71-0725-4C2E-A196-67CD5153F13B,Juvenile
237,NC,A3D38FA3-0819-48CC-8A2C-69B82E11D137,Juvenile
238,ND,8731D11C-2715-4B28-965C-EFE9D01D8863,Juvenile
239,NE,53738842-A554-4FEA-9C62-B9DABBCE5316,Juvenile
240,NH,3B7C7A0C-B0BE-4DCB-994B-1253E9C2D42F,Juvenile
241,NJ,7F6FBB27-C444-4FD9-81F4-56B8ECDBE9A2,Juvenile
242,NM,E921742A-D425-4FDC-AD93-E14A0014E9DA,Juvenile
243,NY,3F7360BD-9353-4150-91B0-0667C7187287,Juvenile
244,OK,A75434B7-85B9-4D51-BB21-59D4344D56F6,Juvenile
245,PA,89D33166-9BA7-40E3-8189-6FFB9121961E,Juvenile
246,SC,5B0BE6AB-4151-4BFF-B365-FA62B04115BA,Juvenile
247,SD,2ABDE35D-B17E-4C0E-92DA-DB7326CFDC85,Juvenile
248,TN,7B130405-4B20-4B86-9BD6-11359CB97E99,Juvenile
249,TX,4E665F70-4B00-487D-A406-D01109A1ACD5,Juvenile
250,US,F9B1CD57-A61E-4298-970D-0C648D3873EF,Juvenile
251,UT,6CAB705F-3723-4357-94AA-F6366505ECE5,Juvenile
252,VA,D3C9F671-CFFB-43A4-8252-456BDBB6E211,Juvenile
253,VI,365589FC-A8EF-47AC-AF8B-13D023D0E625,Juvenile
254,VT,F636C328-A52A-49FC-A2F4-63DBE9830840,Juvenile
255,WA,6BD2B578-717F-4FFC-8F81-4EFF3FA7AA1B,Juvenile
256,WI,06E4C5E1-5519-406F-A7A4-6BF838D07B2B,Juvenile
257,WV,8F49AE73-F57B-4FB7-8410-14C810022D08,Juvenile
258,WY,67ACDB29-A83B-4225-8B98-65C553C2FED8,Juvenile
259,AK,2D43B4FD-FAC8-47C3-A891-085F5D74D64B,"Housing and Homelessness"
260,AL,98592224-876D-4A08-9FD4-05189A6431D1,"Housing and Homelessness"
261,AR,3B0B58BB-95BF-4591-B84C-D304FA20E4A7,"Housing and Homelessness"
262,AZ,F16F6597-94E1-479C-8C06-2C95807E5412,"Housing and Homelessness"
263,CA,69BAC219-3473-434A-AD14-1D162A8A8597,"Housing and Homelessness"
264,CT,14814437-6127-43B6-8561-DE2D01EDD35A,"Housing and Homelessness"
265,FL,6F5297CE-BD88-4321-B639-E8C9A4A80505,"Housing and Homelessness"
266,GA,277EA84D-502F-4DD8-85DE-2A591EC12CD3,"Housing and Homelessness"
267,HI,078EFD16-B7DA-4A80-9445-47D15781EE2E,"Housing and Homelessness"
268,IA,54D32A1C-473C-481B-A79E-E50EAD78922D,"Housing and Homelessness"
269,ID,FF6C6FC3-3BDC-4C69-AF48-5C8B93797A4D,"Housing and Homelessness"
270,IL,39D53025-789C-4747-AAE5-C9A4C94B4495,"Housing and Homelessness"
271,IN,06FBF37E-5202-431D-A0DA-7F5961CB58B0,"Housing and Homelessness"
272,KS,21EC2808-9253-43E6-821B-FD55A255AC04,"Housing and Homelessness"
273,LA,C6AA96B1-D5CF-4379-8B55-EFD103C8EF1D,"Housing and Homelessness"
274,MA,4456F415-AB12-4C65-8CB5-0984D068A01E,"Housing and Homelessness"
275,MD,B02FBAEE-BC56-4B11-A200-BCFBD2AF0856,"Housing and Homelessness"
276,ME,41B9198F-0CE4-431E-95CC-9AFAF2864044,"Housing and Homelessness"
277,MI,03BA8D6E-FC80-4C65-B3DE-067D296C8E0D,"Housing and Homelessness"
278,MO,D14737A3-BCDF-49E3-A9CA-369012AE1506,"Housing and Homelessness"
279,MS,3F8BE11B-1147-4087-8DD8-E029DE28A286,"Housing and Homelessness"
280,NC,A56CA695-DA51-419F-87CF-228B360F2E9B,"Housing and Homelessness"
281,ND,2056ACBE-CFF4-4F1F-A945-3521EEA3AD9D,"Housing and Homelessness"
282,NE,58028740-2F4A-4863-ACBF-8B45AEE0DA60,"Housing and Homelessness"
283,NH,FB6C7BC0-EBE2-4016-9F7D-6A07D29B5CF3,"Housing and Homelessness"
284,NJ,5939AB8C-98E3-4D8D-8B3B-C8A295E5EB5B,"Housing and Homelessness"
285,NM,7760064B-91E9-43C5-B81A-B13C93FDAE8A,"Housing and Homelessness"
286,NY,A532F931-6998-419F-9A72-26C4180FB625,"Housing and Homelessness"
287,OK,B74FA524-B984-4A73-B29F-C652036EDC5C,"Housing and Homelessness"
288,PA,029E5ABF-1A92-40A2-96EC-0F4B15DC9258,"Housing and Homelessness"
289,SC,20D0EB0C-3A9B-4866-A6F1-136470B61F5B,"Housing and Homelessness"
290,SD,1DF37DB6-EAA3-4A65-A55A-E1123F216FED,"Housing and Homelessness"
291,TN,0DC6896B-371E-410B-B0E0-EE2F87803552,"Housing and Homelessness"
292,TX,A0D99ABA-B3D1-47E5-BEEF-5A7AF248E635,"Housing and Homelessness"
293,US,C9736866-1617-42FF-9C78-3D4D55DE481D,"Housing and Homelessness"
294,UT,55739525-2665-43A6-9242-6A036EE81E55,"Housing and Homelessness"
295,VA,7332FD00-77E5-40E3-83DB-9FA4BB025D87,"Housing and Homelessness"
296,VI,BFD4D70D-5BFB-49F4-B400-D941BC53B978,"Housing and Homelessness"
297,VT,DD3953BD-C858-4D2A-9CC7-5D46C2664FBE,"Housing and Homelessness"
298,WA,E05B6199-5923-4E11-BE51-E4AB0E019138,"Housing and Homelessness"
299,WI,A5E4AF0B-8628-468E-B658-D04F71F954EA,"Housing and Homelessness"
300,WV,22F95047-C601-46BE-89F2-BBFB3368A4B9,"Housing and Homelessness"
301,WY,E2E045B5-A46D-4FE4-9836-B55EBB7BE7C5,"Housing and Homelessness"
302,AK,D8CE0720-607A-4FEC-A450-91C13E05A53A,"Income Maintenance"
303,AL,455D9C50-531C-4509-BF3F-49CDC44C1193,"Income Maintenance"
304,AR,E6CD772B-CAE5-4135-9370-C24499FD5406,"Income Maintenance"
305,AZ,8EC64425-DFF1-4CD0-8E6E-D2B6C007D57E,"Income Maintenance"
306,CA,5E7C3887-75E9-4BF3-BBBE-38B89E7DF4C7,"Income Maintenance"
307,CT,920D7CDE-4BA3-428B-9E19-B83E35738797,"Income Maintenance"
308,FL,8EF73BFF-2503-4557-B852-3B32A21B32B0,"Income Maintenance"
309,GA,D20F102F-C50C-4697-BD4E-817C5BA3BFEB,"Income Maintenance"
310,HI,4ACC4BF8-78F7-47E8-ADBF-ED86C940170F,"Income Maintenance"
311,IA,2DA8EBF9-09A6-4174-88E7-F49B1D4F2E05,"Income Maintenance"
312,ID,03C6ADAE-0939-4BB9-B1C3-EF64DE4189AC,"Income Maintenance"
313,IL,9863D8E8-11C5-44F6-AD03-5A95964FEFFC,"Income Maintenance"
314,IN,D00E015A-B0F4-4D25-9FC4-3C38760B70F2,"Income Maintenance"
315,KS,A848581A-AD09-4F68-B06A-5E841BA2EC23,"Income Maintenance"
316,LA,256BB670-371C-4B10-882F-4E3D4665D7F6,"Income Maintenance"
317,MA,F301362A-3A39-4129-AE5F-AD0EE01DD357,"Income Maintenance"
318,MD,08F800FA-B7C5-47BD-AF38-83F17CAAFA3E,"Income Maintenance"
319,ME,D173CC38-F92C-4753-8633-33CFAE72CFC0,"Income Maintenance"
320,MI,0975EC96-F4A9-4AE7-9E2F-7B1B36867A45,"Income Maintenance"
321,MO,8B5394C5-1502-44F3-86B4-01F3CCC4127A,"Income Maintenance"
322,MS,C5D953FD-ED39-4560-9878-85F9875B4C4E,"Income Maintenance"
323,NC,D763B260-BF1B-46DE-AA1B-5279BEF9C80F,"Income Maintenance"
324,ND,895329E6-5B5F-4D83-8540-5D0311BAB029,"Income Maintenance"
325,NE,4679FE79-27F4-4E4F-930A-9B8F7FAF8640,"Income Maintenance"
326,NH,5C1C960B-B409-4189-8679-B3C03926CC2F,"Income Maintenance"
327,NJ,5509CA90-EF08-4FF3-AF53-F426ABD5A5E1,"Income Maintenance"
328,NM,90A86052-77A2-4EC2-B6BB-0381BB488C5C,"Income Maintenance"
329,NY,768E4A21-C64B-43E9-AA49-27552A535965,"Income Maintenance"
330,OK,089D9494-CE87-4754-80EC-9812D3925A18,"Income Maintenance"
331,PA,1F81177B-2DD8-4432-ADC3-CA3198F56525,"Income Maintenance"
332,SC,DA71C10A-A644-48C1-B756-AF653AF77624,"Income Maintenance"
333,SD,A50D5CEA-46B1-4929-A79A-17E1858568C8,"Income Maintenance"
334,TN,4A7543E4-E1AA-4B1A-AF87-E44CB7C449E5,"Income Maintenance"
335,TX,B75D4C9D-5440-4141-AD6F-E4F03FF8ADA4,"Income Maintenance"
336,US,C9A160A4-AC44-4C98-B40A-9419BDFA28E1,"Income Maintenance"
337,UT,396CC67F-24C1-4D03-A886-95B864AC239A,"Income Maintenance"
338,VA,CC22017D-4C32-4B1E-9536-FA6FCCFEAABA,"Income Maintenance"
339,VI,97CDA4A9-80D2-455D-A483-D17A7A489CAA,"Income Maintenance"
340,VT,98F3C8D2-D3F0-4B18-B213-544CD1F7C6C9,"Income Maintenance"
341,WA,1E7DF841-2BA9-4F3E-9961-2E05E906F71D,"Income Maintenance"
342,WI,0D99E8BC-9E4C-4A8B-9395-CE23FAB3AA03,"Income Maintenance"
343,WV,85FBCFD0-DEC5-4F93-A6DF-A2CE535F3F7E,"Income Maintenance"
344,WY,46C093BA-DC08-4606-80E2-2C5BC5FB220E,"Income Maintenance"
345,AK,BF144F3C-5743-47C5-9EEB-418FF0FAF0D8,"Individual Rights"
346,AL,09E17E44-DD11-433D-80B2-5F78654B3C71,"Individual Rights"
347,AR,3D2FE0E6-109A-421C-BDAA-07007E23F6B5,"Individual Rights"
348,AZ,D97CAE2D-5AC5-4792-837E-9390C8172CD8,"Individual Rights"
349,CA,DFAE3127-9ADA-412A-A622-233A5B846B45,"Individual Rights"
350,CT,8E37B52A-319C-484A-B8E3-4EBC59A0EF21,"Individual Rights"
351,FL,D6462F5B-6003-4ED3-9D74-6D047ACEC95C,"Individual Rights"
352,GA,60D63700-CA2D-49F5-9C9A-57CE712ED97A,"Individual Rights"
353,HI,D58140CA-C4F6-441E-B537-0C119CF6F0E0,"Individual Rights"
354,IA,288A8E14-C004-4627-B27E-6FB45C51577B,"Individual Rights"
355,ID,A9AAD552-FC56-441E-9D93-29351A997FFC,"Individual Rights"
356,IL,9D6B9BA4-47FE-4FEA-ABD7-7E041C0C4014,"Individual Rights"
357,IN,A353FA07-3DAA-4B85-B020-2FB4EC42ADD2,"Individual Rights"
358,KS,387C6CCE-B1D3-4C92-994D-5B3A81063DDA,"Individual Rights"
359,LA,A816EDAA-B346-4722-96B3-C3D550A00FCE,"Individual Rights"
360,MA,3C7610FE-C74D-49C8-80A1-47CD73030592,"Individual Rights"
361,MD,F85CC953-B43D-4067-A622-F25BE1AA9978,"Individual Rights"
362,ME,A9B5B24E-91E4-44C9-B8F3-B30611AF4158,"Individual Rights"
363,MI,75534B7D-7A09-4AE1-AEF6-24705DCDC97E,"Individual Rights"
364,MO,4AA6FB8D-81D7-413A-852C-D7A553C78EF6,"Individual Rights"
365,MS,A05D1E01-E738-447B-929A-FA1F1E23B3B8,"Individual Rights"
366,NC,C8E1275A-6C42-42E4-9B7D-231BAC438FC9,"Individual Rights"
367,ND,009EBCC1-D9F0-452B-807B-D8763B49C28F,"Individual Rights"
368,NE,E9154968-AE5B-404D-A77F-99D55F560A11,"Individual Rights"
369,NH,FF60A2B9-9273-407C-AB41-B08921CC9D4F,"Individual Rights"
370,NJ,60D796CC-1995-440D-8434-54CDA6A8DDC7,"Individual Rights"
371,NM,0FF1F5A9-94F0-4788-A6AA-8F9347ACDB2A,"Individual Rights"
372,NY,A4F8CBB7-AE01-45CE-AE8C-A853B2F94290,"Individual Rights"
373,OK,FF75C231-326E-46DA-856E-268845DA56F2,"Individual Rights"
374,PA,9CA5605A-12EB-493D-9469-E7D2DCFFA564,"Individual Rights"
375,SC,0CFCDF6D-3D36-43D0-B97F-56BF071982CE,"Individual Rights"
376,SD,9E4A0789-E998-4A9A-96AD-42FFA1F036E8,"Individual Rights"
377,TN,00235B20-0DD4-4664-920F-F684842409BE,"Individual Rights"
378,TX,94B255C0-D93C-431A-9856-AB526A9FBA62,"Individual Rights"
379,US,999FDAC9-C463-4DBC-BF3F-98E2D29E4CD1,"Individual Rights"
380,UT,2EF18882-9955-43A7-9465-304461696190,"Individual Rights"
381,VA,D17992FF-A481-4E3A-ABE3-067C936732AE,"Individual Rights"
382,VI,769B1C8F-66E8-418D-9D7D-28A25490B01B,"Individual Rights"
383,VT,511027BB-2706-4228-8027-3B23FA3940AC,"Individual Rights"
384,WA,7CE06CCF-F653-4DE2-8A64-C88A387DEF00,"Individual Rights"
385,WI,2AEEFB11-C0AF-4684-AC15-6A41C88E06AD,"Individual Rights"
386,WV,4A79FEC3-40AC-4744-A9F7-9CC22787442C,"Individual Rights"
387,WY,66010D0A-AC32-4F3D-A1F8-7D5DEC843221,"Individual Rights"
388,AK,E31B199A-B01E-47E6-86DB-8D99B2BB7420,Other
389,AL,1D6F2866-B462-4705-9316-9CEDAB155D15,Other
390,AR,378C7E49-B747-49B4-B69A-451A6134F5DA,Other
391,AZ,CD95B63C-0FA5-48D4-966F-4D5194495F72,Other
392,CA,588EFBC5-00FE-4415-B0F0-98B5A86C071B,Other
393,CT,EE081096-2C46-4EA3-B7B1-7388963334E4,Other
394,FL,54C694DD-F7C2-45D3-B82C-34FFB3085716,Other
395,GA,D15ACC4B-910D-4B26-BA2D-40880D42BD0D,Other
396,HI,22994B78-2185-4F35-A960-A4415F7901EF,Other
397,IA,C8ADAAD5-16B1-48BA-BC98-64B215A97059,Other
398,ID,A1FB3C8A-2622-43BC-8A23-25FFA06B0E60,Other
399,IL,82322A85-875C-4731-871B-6F78A1B08342,Other
400,IN,72D53E4F-31EC-48FF-A466-4356725D5A6A,Other
401,KS,F27D7231-227B-4C47-BE80-0CE612B6680D,Other
402,LA,237BC12B-8F50-4EC9-81C9-BBDB6F7CDC9C,Other
403,MA,10B57C9A-395F-42D2-BAEB-375CA36EB8F6,Other
404,MD,BDD0BB73-2ABC-47B1-BE64-68445BB793F1,Other
405,ME,14099F4F-7059-4ABB-9EC7-582BBBFF8C39,Other
406,MI,F5EC9F89-7534-42B1-BBD3-A6C2F1D3BDCB,Other
407,MO,764345F1-C2F5-44C1-9B04-10FA59C7D96B,Other
408,MS,300E64A5-11D6-4E71-8689-65C2A7729C2F,Other
409,NC,E6F4FD7C-FCE9-4763-AADD-0544158DE0BB,Other
410,ND,4BE071A7-FC9F-4734-8FB7-4BF464779138,Other
411,NE,C75182B3-7F93-498B-9436-913380FB9D3B,Other
412,NH,D887C3C6-4781-4A62-9C9A-2BD0CD36C19A,Other
413,NJ,E7BE2437-79DD-40D3-AFE1-1C981B6FED18,Other
414,NM,08C0B7E8-ACCC-4B69-ACC7-58E17F7DFE14,Other
415,NY,C6DD9040-629D-4442-AD1E-055F4508E2D5,Other
416,OK,F83921B2-AC45-4A99-9CBE-46701EA140FA,Other
417,PA,A8D05A29-BD73-42B1-857D-CA319AAEC169,Other
418,SC,2D9C7994-7716-47A4-AEEA-A07F8002D224,Other
419,SD,42AA4A1A-313A-4D3A-8BB2-1728A6EF0097,Other
420,TN,C1C1D239-8EAA-4FB0-975C-DFD6F335DE04,Other
421,TX,7C8440D2-577D-4CB4-BF62-CE305536A3DB,Other
422,US,B1817DFA-9BA0-4FD7-9973-3E029D472DA7,Other
423,UT,B4FA50DD-8B47-4BD9-8F78-91E2AF96A31D,Other
424,VA,E2407195-36DA-47D2-B433-F0BC26EC1BE7,Other
425,VI,17220F25-816B-4372-9052-4FDECF1AE7FC,Other
426,VT,1D508E0E-0349-4840-921A-C8EBE4F76A63,Other
427,WA,8D9C56E9-710E-492A-917B-4336484BFB23,Other
428,WI,07CAED26-1AFD-4EEE-8B0E-B3B3C919E65C,Other
429,WV,0F48030D-1CAD-431B-9A9A-698DEF0837C6,Other
430,WY,AC51F6BE-C7AC-489A-86CA-3214B4DA9F14,Other
